<?xml version="1.0"?>

<!--
  ~ Hibernate, Relational Persistence for Idiomatic Java
  ~
  ~ License: GNU Lesser General Public License (LGPL), version 2.1 or later.
  ~ See the lgpl.txt file in the root directory or <http://www.gnu.org/licenses/lgpl-2.1.html>.
  -->
<!DOCTYPE hibernate-mapping PUBLIC
        "-//Hibernate/Hibernate Mapping DTD 3.0//EN"
        "http://www.hibernate.org/dtd/hibernate-mapping-3.0.dtd">

<hibernate-mapping package="Model">

    <class name="Borrowed"  >
        <id name="id">
            <generator class="increment"/>
        </id>
        <property name="borrowedDate"/>
        <property name="returnDate"/>
        <many-to-one name="book" cascade="none" class="Book"/>
        <many-to-one name="subscriber" cascade="none" class="User"/>
    </class>

</hibernate-mapping>
